name,highway_type,geometry
طريق مكة المكرمة,motorway,"LINESTRING (46.4333509 24.5241454, 46.4345943 24.5245594, 46.4356761 24.5249593, 46.4370237 24.5255076, 46.4371894 24.525575, 46.4389596 24.5265368, 46.4455926 24.5304338, 46.4471571 24.5313108, 46.4503386 24.5331769, 46.453354 24.5349365, 46.4560052 24.5364921, 46.45883 24.5381274, 46.4616539 24.5397904, 46.4643257 24.5413731, 46.4662163 24.5423953, 46.4689096 24.5437258, 46.4708716 24.5446993, 46.4722094 24.545332, 46.4736898 24.545981, 46.4779527 24.5478793, 46.4810562 24.5492421, 46.4844076 24.5506272, 46.485658 24.5512376, 46.4904382 24.553298, 46.4952373 24.5553934, 46.4991602 24.5571267, 46.5012649 24.5580028, 46.5028167 24.5587004, 46.5105755 24.5620585, 46.5136256 24.5634374, 46.5150168 24.5641025, 46.5177636 24.5656436, 46.5191905 24.5665033, 46.5213844 24.5679308, 46.5230789 24.5691475, 46.524595 24.5703316, 46.5264856 24.5718727, 46.5282336 24.5734299, 46.5293751 24.5745491, 46.531254 24.5765597, 46.5326444 24.578113, 46.5342065 24.5798458, 46.5359403 24.5817268, 46.5373531 24.5833243, 46.5376857 24.5837004, 46.5393049 24.5854264, 46.5403263 24.5865738, 46.5411932 24.5875338, 46.5418369 24.5882206, 46.5433443 24.5898743, 46.544447 24.5910839, 46.5457164 24.5923649, 46.546961 24.5937697, 46.5479189 24.5949284, 46.548765 24.5958358, 46.5490949 24.5962038, 46.5498593 24.5970565, 46.553357 24.6007578, 46.555283 24.602657, 46.5635803 24.6102033)"
طريق خديجة بنت خويلد,secondary,"LINESTRING (46.52304 24.5804274, 46.5230514 24.5805447, 46.5231649 24.581681, 46.5232172 24.5822569, 46.5233035 24.5831501, 46.5233646 24.583795, 46.5235085 24.5841331, 46.5236973 24.5842892, 46.5241669 24.5845676, 46.525374 24.5852831, 46.5271634 24.5863438, 46.5277692 24.5867029, 46.5284728 24.58712, 46.5285296 24.5871536, 46.5291218 24.5874424, 46.529765 24.5875898, 46.529941 24.5876216, 46.5302027 24.5876437, 46.5306753 24.5876375, 46.5320498 24.5875249, 46.5333743 24.5874165, 46.5345152 24.587323, 46.5356477 24.5872303, 46.5369891 24.5871204, 46.5380139 24.5870365, 46.5392629 24.5869544, 46.5397912 24.5869197, 46.5398483 24.586961, 46.5398582 24.5869931, 46.539832 24.5870437)"
طريق خديجة بنت خويلد,secondary,"LINESTRING (46.5403387 24.5870148, 46.5400407 24.5870287, 46.5399579 24.5870347, 46.539832 24.5870437, 46.5388706 24.5871128, 46.5381941 24.5871614, 46.5375526 24.5872134, 46.5370003 24.5872609, 46.5364107 24.5873117, 46.5354073 24.5873873, 46.5344357 24.5874661, 46.5339506 24.5875054, 46.5326756 24.5876087, 46.532067 24.5876581, 46.5311157 24.5877496, 46.5303921 24.5878067, 46.5298503 24.5877687, 46.5293541 24.5876667, 46.5289046 24.5875119, 46.5284523 24.5872785, 46.5265803 24.5861737, 46.5250725 24.5852838, 46.5246447 24.5850313, 46.5236761 24.5843966, 46.5233454 24.5841799, 46.5231597 24.583795, 46.5231487 24.5836747, 46.5230918 24.5830522, 46.523006 24.5821144, 46.52291 24.5810654, 46.5228666 24.5805907, 46.5229329 24.5805231, 46.5229753 24.580507, 46.5230514 24.5805447)"
خديجة بنت خويلد,primary,"LINESTRING (46.5570766 24.5855594, 46.5572423 24.5855472, 46.5578978 24.5854989, 46.561207 24.5852408, 46.5626245 24.5851302, 46.5636545 24.5850499, 46.563721 24.5850447, 46.564897 24.584953, 46.5661561 24.5848548, 46.5667279 24.5848102, 46.5669208 24.5847951, 46.5674723 24.5847521, 46.5687304 24.584654, 46.5699392 24.5845597, 46.5710655 24.5844719, 46.5724194 24.5843663, 46.5759898 24.5840878, 46.5765939 24.5840407, 46.5769816 24.5840134, 46.5785977 24.5838845, 46.5787503 24.5838726, 46.5802707 24.583754, 46.5810313 24.5837243, 46.5810965 24.5837218, 46.581221 24.5837288, 46.5818633 24.5837647, 46.5827363 24.5839149, 46.5835679 24.5841723, 46.5839002 24.5842831, 46.5841618 24.5844124, 46.584494 24.5845746, 46.585013 24.5849125, 46.5860351 24.5855401, 46.5862575 24.5856766, 46.5867335 24.5859698, 46.5878088 24.5866322, 46.5888136 24.5872513, 46.5897241 24.5878121, 46.590866 24.5885156, 46.5918478 24.5891204, 46.5918664 24.5891319, 46.5920499 24.5892449, 46.5927604 24.5896826, 46.5938548 24.5903568, 46.5942322 24.5905892, 46.5948031 24.5909344)"
الوليد بن عبدالملك,tertiary,"LINESTRING (46.5462837 24.592722, 46.5472772 24.5926595, 46.552023 24.5923609, 46.5533296 24.5922591, 46.5556914 24.5920751, 46.5569487 24.5919936, 46.5573405 24.5919659, 46.5575108 24.5919437, 46.5576518 24.5919365, 46.5577891 24.5919235, 46.5579154 24.5919157, 46.5582419 24.5918955, 46.5594975 24.5917961, 46.5606577 24.5917162, 46.5617483 24.5916031, 46.56237 24.5915547, 46.5631592 24.5914932, 46.5643564 24.5913999, 46.5667847 24.5912107, 46.5673192 24.5911691, 46.5674702 24.5911603, 46.5678121 24.5911325, 46.5680702 24.5911106, 46.5693023 24.5910146, 46.5716856 24.5908289, 46.5729899 24.5907273, 46.5741333 24.5906382, 46.5765708 24.5904483, 46.5771782 24.590378, 46.5775367 24.5903507, 46.5777647 24.5903277, 46.5781013 24.5902937, 46.57925 24.5901776, 46.5802117 24.5902193, 46.5809559 24.5903858, 46.5815213 24.5906317, 46.5817459 24.5907294, 46.582078 24.5909261)"
الوليد بن عبدالملك,tertiary,"LINESTRING (46.5818702 24.5912089, 46.5812298 24.5908604, 46.5808318 24.590694, 46.5802685 24.5905818, 46.5801522 24.5905587, 46.5798804 24.5905448, 46.5792331 24.5905116, 46.5787098 24.5905508, 46.5766918 24.5907019, 46.5757456 24.5907603, 46.5736343 24.5909362, 46.5699941 24.5912168, 46.5695678 24.5912497, 46.5653743 24.591573, 46.5645329 24.5916379, 46.5617916 24.5918492, 46.5602212 24.5919769, 46.5576103 24.5921891, 46.5569353 24.5922235, 46.5553558 24.5923453, 46.5539864 24.5924508, 46.5534866 24.5924893, 46.5506356 24.5927092, 46.5483544 24.5928765, 46.5480162 24.5929042, 46.5472291 24.5929602, 46.5471867 24.5929633, 46.5470432 24.5930011, 46.5469238 24.5930463, 46.5468568 24.5930792, 46.5468138 24.5931389, 46.5468018 24.5932304, 46.5468062 24.5933226)"
خديجة بنت خويلد,primary,"LINESTRING (46.5947349 24.5910484, 46.594164 24.5906961, 46.592411 24.5896307, 46.59197 24.5893615, 46.5917822 24.5892469, 46.5909419 24.588734, 46.5899579 24.5881334, 46.5888934 24.5874836, 46.5883985 24.5871815, 46.5879339 24.5868979, 46.5869797 24.5863154, 46.5861571 24.5858133, 46.5859344 24.5856772, 46.5854088 24.585356, 46.5849332 24.5850654, 46.5842957 24.5846702, 46.5835976 24.5843564, 46.5834505 24.5842969, 46.5830625 24.5841785, 46.5826874 24.5840641, 46.581794 24.5839148, 46.5811046 24.5838756, 46.5810213 24.5838709, 46.5805497 24.5838934, 46.5802872 24.583906, 46.5792988 24.5839831, 46.5781272 24.5840744, 46.5780792 24.5840782, 46.5769773 24.5841655, 46.576608 24.5841929, 46.5760405 24.5842371, 46.5746609 24.5843447, 46.5736021 24.5844273, 46.5724399 24.5845179, 46.5711176 24.584621, 46.5700171 24.5847068, 46.5675013 24.584903, 46.5669226 24.584951, 46.5667419 24.5849643, 46.5662153 24.5850032, 46.564908 24.5851052, 46.563798 24.5851917, 46.5625394 24.5852898, 46.5618192 24.585346, 46.5612664 24.5853891, 46.5601416 24.5854768, 46.5576674 24.5856697, 46.5570933 24.5857152)"
أسماء بنت أبي بكر,secondary,"LINESTRING (46.5753315 24.6003502, 46.5752749 24.6003159, 46.5752448 24.600261, 46.5752674 24.6001959, 46.5775142 24.5971378, 46.5784155 24.5959111, 46.5788035 24.595383, 46.5793011 24.5947057, 46.5798471 24.5939626, 46.5808702 24.5925701, 46.581066 24.5923035, 46.5818702 24.5912089, 46.582078 24.5909261, 46.5827156 24.5900582, 46.5828933 24.5898164, 46.583361 24.5891798, 46.5833899 24.5891404, 46.5835745 24.5888893, 46.5836898 24.5887323, 46.5839053 24.5884389, 46.583971 24.5883494, 46.5846864 24.5873758, 46.585306 24.5865325, 46.5859344 24.5856772, 46.5860351 24.5855401, 46.5867528 24.5845614, 46.587038 24.5841725, 46.5878097 24.5831202, 46.5887188 24.5818806, 46.5891342 24.5813141, 46.5891909 24.5812368, 46.589794 24.5804144, 46.5898806 24.5802963, 46.5901709 24.5799005, 46.5913609 24.5782778, 46.5916573 24.5778737, 46.5923971 24.576865, 46.5930398 24.5759885, 46.5936775 24.575119, 46.5949469 24.5733056, 46.5952799 24.5729339, 46.5953824 24.5727967)"
أسماء بنت أبي بكر,secondary,"LINESTRING (46.5956605 24.5728616, 46.5955575 24.5729994, 46.595132 24.5735795, 46.5950153 24.5737385, 46.5934917 24.5758154, 46.5931391 24.576296, 46.5924881 24.5771834, 46.5923156 24.5774186, 46.5917085 24.5782566, 46.5907988 24.579489, 46.5904673 24.5799381, 46.5901041 24.5804331, 46.5900173 24.5805514, 46.589444 24.5813328, 46.58884 24.5821563, 46.5880528 24.5832293, 46.5877523 24.583639, 46.5874764 24.584015, 46.5867929 24.5849468, 46.5862575 24.5856766, 46.5861571 24.5858133, 46.5858575 24.5862212, 46.5844788 24.5880984, 46.5841311 24.5885717, 46.5838218 24.5889928, 46.5831059 24.5899675, 46.5824406 24.5908733, 46.581068 24.592742, 46.5807529 24.593171, 46.5806391 24.5933259, 46.5801163 24.5940377, 46.5799161 24.5943103, 46.5794961 24.5948821, 46.5789173 24.59567, 46.5787119 24.5959497, 46.5784051 24.5963675, 46.5780673 24.5968273, 46.5774696 24.5976411, 46.5769052 24.5984095, 46.576801 24.5985514, 46.5761353 24.5994577, 46.5756112 24.6001712, 46.5754823 24.6003467, 46.5754467 24.6003585, 46.5753993 24.6003742, 46.5753315 24.6003502)"
Al Zahabi,secondary,"LINESTRING (46.5469616 24.5863498, 46.5469989 24.5862842, 46.547005 24.5861989, 46.5470015 24.5861457, 46.5468024 24.5831407, 46.5467553 24.5826422, 46.5467038 24.5820967, 46.5465234 24.5801857, 46.5465094 24.5800378, 46.5464264 24.5791585, 46.5463288 24.5781244, 46.5462107 24.5768741, 46.5461586 24.5763225, 46.5461092 24.5757986, 46.5459658 24.5742251, 46.5459609 24.5741292, 46.5459383 24.5739358)"
Ali Zahabi,secondary,"LINESTRING (46.5795679 24.5463758, 46.5793675 24.5465098, 46.5783359 24.5465892, 46.5781588 24.5466028, 46.5773864 24.5466622, 46.5734853 24.5469625, 46.573269 24.5469792, 46.5724974 24.5470397, 46.5689865 24.5473149, 46.5682571 24.5473721, 46.5642551 24.5476858, 46.5635618 24.5477402, 46.5633809 24.5477539, 46.5624825 24.5478218, 46.5608136 24.5479479, 46.5591896 24.5480706, 46.5583519 24.5481339, 46.5544295 24.5484303, 46.5536316 24.5484906, 46.5534638 24.5485035, 46.5527373 24.5485594, 46.5494277 24.5488141, 46.5485901 24.5488786, 46.5466022 24.5490316, 46.5454745 24.5491184, 46.545164 24.549159, 46.5449379 24.5492081, 46.5447216 24.549302, 46.5445447 24.5494049, 46.5443874 24.5495211, 46.544235 24.5496865, 46.5441121 24.5499101, 46.5440138 24.550156, 46.5439696 24.5504108, 46.5439401 24.5507372, 46.5440079 24.551472, 46.5443438 24.5543518)"
نجم الدين الأيوبي,secondary,"LINESTRING (46.6446416 24.5543579, 46.6446177 24.554285, 46.6445931 24.5542258, 46.6445621 24.5541528, 46.644485 24.5540619, 46.6444172 24.5539926, 46.6443629 24.5539496, 46.643616 24.5533586, 46.6433686 24.553155, 46.6431049 24.5529927, 46.6427598 24.5528228, 46.6424163 24.5526821, 46.6420595 24.5525733, 46.6416667 24.5525006, 46.6413041 24.5524663, 46.6402149 24.552435, 46.6394936 24.5524273, 46.6388525 24.5524144, 46.6384831 24.5524161, 46.6353442 24.552371, 46.6353187 24.5523706, 46.6349111 24.5523623, 46.6335271 24.5523484, 46.6333392 24.5523424, 46.6329355 24.5523377, 46.6326392 24.5523302, 46.631744 24.5523218, 46.6309118 24.5523056, 46.6301062 24.55229, 46.628415 24.5522753, 46.6267728 24.5522748, 46.6264527 24.5522782, 46.6260571 24.5522803, 46.6250321 24.552263, 46.6232458 24.5522408, 46.6220841 24.5522239, 46.6215126 24.5522067, 46.6210292 24.5522134, 46.6201999 24.5522031, 46.6200924 24.5522074, 46.6200446 24.5522055, 46.6199439 24.5522042, 46.6198987 24.5522031, 46.6190618 24.5521837, 46.6187346 24.5521761, 46.6164198 24.5521222, 46.6118278 24.552082, 46.610509 24.5520505, 46.6095874 24.5520607, 46.6091725 24.552049, 46.6079736 24.5520612, 46.6062558 24.5519984, 46.6053913 24.551989, 46.6035077 24.5519538, 46.602349 24.5519401, 46.6015934 24.5519312, 46.6009549 24.5519249, 46.5995849 24.5518976, 46.5991948 24.5518933, 46.5987173 24.5518928, 46.5975668 24.5518849, 46.5968092 24.5518721, 46.596094 24.551868, 46.5949756 24.5518514, 46.5941866 24.5518457, 46.5933536 24.5518245, 46.5924729 24.5518045, 46.5918937 24.5517946, 46.5911937 24.5517797, 46.590456 24.5517871, 46.5900082 24.5517916, 46.5892195 24.5517768, 46.5888508 24.5517645, 46.5886751 24.5517668, 46.5885445 24.5517625, 46.5876371 24.5517464, 46.5873688 24.5517416, 46.5862665 24.5517343, 46.5850192 24.5517294, 46.5836325 24.5517001, 46.5825891 24.5516831, 46.5819535 24.5516806, 46.581586 24.5517099, 46.5807599 24.5517685, 46.5797809 24.551866, 46.5775225 24.5520392, 46.5767178 24.5520954, 46.5758574 24.5521784, 46.5739368 24.5523321, 46.5737293 24.5523492, 46.5732738 24.5523637, 46.5711173 24.5525126, 46.5676934 24.5527807, 46.5656644 24.5529395, 46.5629929 24.5531469, 46.5622044 24.5532176, 46.5607318 24.5533299, 46.5561667 24.553669, 46.5559188 24.5536932, 46.5541323 24.5538678, 46.5539686 24.5538666, 46.5532511 24.5539154, 46.5518993 24.5540178, 46.5487155 24.5542569, 46.5484393 24.5542862, 46.5477714 24.5543423, 46.5464357 24.554435, 46.5420315 24.5547936, 46.5409291 24.5548766, 46.5388477 24.5550523, 46.5366134 24.5552157, 46.5363815 24.5552349, 46.5352562 24.5553279, 46.5344243 24.5554237, 46.534215 24.555437, 46.5338591 24.5554679, 46.5320368 24.5556106, 46.5314062 24.55566, 46.5297381 24.555795, 46.5285295 24.55584, 46.5284298 24.5558395, 46.5281738 24.5558383, 46.5275543 24.5558099, 46.5274411 24.5558079, 46.5261476 24.5557436, 46.5244196 24.5556352, 46.5226715 24.5555255, 46.5173659 24.5551976, 46.5167179 24.5551599, 46.5144371 24.5550238, 46.5142144 24.5550054, 46.5135 24.5549474, 46.5133025 24.5549375, 46.5129192 24.5549134, 46.5123259 24.5549134, 46.5119869 24.5549354, 46.5116237 24.5549942, 46.5111959 24.5551153, 46.5108972 24.5552181, 46.5105075 24.5554123, 46.5102354 24.5555668, 46.5100255 24.5557247, 46.5098439 24.5558605, 46.5096421 24.5560381, 46.5094573 24.5562456, 46.5092565 24.5564967, 46.5090626 24.556779, 46.5089512 24.5569765, 46.5088253 24.5571836, 46.5085976 24.5575731, 46.5085504 24.557713, 46.5082512 24.5582832, 46.5073571 24.55999, 46.5072203 24.5602511, 46.5071646 24.5603542)"
Ali Zahabi,secondary,"LINESTRING (46.5440602 24.5543633, 46.5439188 24.5525349, 46.5438809 24.5521294, 46.5437527 24.5507597, 46.5437527 24.5503992, 46.5438064 24.5501182, 46.5438937 24.5498616, 46.5440684 24.549605, 46.5442229 24.5494217, 46.5444512 24.5492613, 46.5446633 24.5491373, 46.5448442 24.5490717, 46.5448935 24.5490539, 46.5451508 24.5489853, 46.5454562 24.5489673, 46.5457044 24.5489479, 46.5465103 24.5488849, 46.548388 24.548738, 46.5502285 24.548594, 46.5511412 24.5485226, 46.5534487 24.5483421, 46.5536166 24.5483289, 46.5552258 24.548203, 46.563365 24.5475663, 46.5635442 24.5475523, 46.5669842 24.5472832, 46.5671429 24.5472708, 46.5708519 24.5469806, 46.5710617 24.5469642, 46.5776711 24.5464472, 46.5778125 24.5464361, 46.5793848 24.5463131, 46.5795679 24.5463758)"
AL Zahabi,secondary,"LINESTRING (46.5443779 24.554735, 46.54437 24.5549379, 46.5443642 24.5553365, 46.5447196 24.5585421, 46.5447979 24.5592483, 46.5449519 24.5606369, 46.5450614 24.5608174)"
نجم الدين الأيوبي,secondary,"LINESTRING (46.5070246 24.5603136, 46.5070851 24.5601952, 46.5072172 24.5599323, 46.5083907 24.5575975, 46.5086451 24.5571545, 46.5087846 24.5568944, 46.5088401 24.5568028, 46.5088693 24.5567501, 46.5089083 24.5566864, 46.5090703 24.5564547, 46.5092984 24.5561629, 46.5095033 24.5559519, 46.5097005 24.5557514, 46.5098937 24.5555931, 46.5099956 24.5555147, 46.5102422 24.5553617, 46.5104737 24.5552345, 46.51081 24.5550939, 46.5109294 24.5550451, 46.5111541 24.5549532, 46.5115405 24.5548631, 46.511591 24.5548513, 46.5117507 24.554825, 46.5119969 24.5547844, 46.5123371 24.5547669, 46.5124789 24.5547657, 46.5127508 24.5547633, 46.5132272 24.554789, 46.5133352 24.5547948, 46.5134849 24.5548029, 46.5142087 24.5548419, 46.5144193 24.5548532, 46.5151996 24.5548953, 46.5173908 24.5550134, 46.5183473 24.5550649, 46.5191926 24.5551105, 46.5223403 24.5552801, 46.5225087 24.5552922, 46.5245317 24.5553996, 46.5252057 24.5554354, 46.5261151 24.5554836, 46.5261992 24.5554881, 46.5274988 24.5555736, 46.5277367 24.5555847, 46.5282426 24.5555991, 46.5285323 24.5555949, 46.5297799 24.5555638, 46.5313911 24.5554486, 46.5320491 24.5554048, 46.5347064 24.5551864, 46.5354905 24.555138, 46.5360367 24.5551035, 46.5365812 24.5550571, 46.5391615 24.5548717, 46.540575 24.5547717, 46.5456927 24.5543618, 46.550003 24.5540032, 46.5502444 24.5539837, 46.5517303 24.5538739, 46.5531948 24.5537714, 46.553573 24.5537446, 46.5539619 24.5537129, 46.5541229 24.5536934, 46.5549383 24.5536519, 46.5558422 24.5535714, 46.5611181 24.5531493, 46.5613196 24.5531323, 46.5630573 24.5530029, 46.5680999 24.5526077, 46.5709403 24.5524077, 46.5716885 24.5523404, 46.572966 24.5522256, 46.5737146 24.5521714, 46.5739129 24.5521427, 46.5740696 24.5521297, 46.5742191 24.5521172, 46.5744778 24.5520957, 46.5786279 24.5517502, 46.5787872 24.5517378, 46.5796834 24.5517025, 46.5799305 24.5516859, 46.5816266 24.5515564, 46.5822704 24.5515374, 46.5836094 24.5515543, 46.5873503 24.5515945, 46.5878096 24.5516094, 46.5885503 24.551615, 46.5886845 24.5516143, 46.5888937 24.5516182, 46.5890922 24.5516221, 46.5894958 24.5516277, 46.5904828 24.5516415, 46.5908034 24.5516508, 46.591026 24.5516514, 46.5911694 24.5516538, 46.5916993 24.5516611, 46.5925273 24.5516752, 46.5938839 24.5516953, 46.5945653 24.5516977, 46.5952814 24.5517167, 46.5957118 24.5517282, 46.598069 24.5517467, 46.6002526 24.5517742, 46.6005303 24.5517746, 46.600989 24.5517741, 46.6013729 24.551781, 46.6020564 24.551791, 46.603049 24.5518057, 46.6038755 24.5518204, 46.6046878 24.5518312, 46.6057805 24.5518457, 46.6064688 24.5518537, 46.6065921 24.5518551, 46.6071854 24.5518691, 46.6082859 24.5518968, 46.6090693 24.5518936, 46.6096249 24.5518907, 46.6104619 24.5519002, 46.6134094 24.5519515, 46.6162655 24.5519818, 46.6181043 24.5520212, 46.6192378 24.5520455, 46.6199414 24.5520366, 46.620101 24.5520343, 46.6202849 24.5520359, 46.6237557 24.5520661, 46.6248956 24.5520869, 46.6267191 24.5521202, 46.6284684 24.5521522, 46.6301018 24.5521649, 46.6318167 24.5521902, 46.6336024 24.5521995, 46.6352702 24.5522182, 46.6369443 24.5522381, 46.6386018 24.5522636, 46.6387219 24.5522655, 46.6408853 24.5522999, 46.6413188 24.5523032, 46.6416819 24.5523323, 46.6421218 24.5524044, 46.6423888 24.5524952, 46.6427247 24.5526225, 46.6430412 24.5527577, 46.6433693 24.5529315, 46.643685 24.5531363, 46.6440006 24.5534117, 46.6442969 24.5537119, 46.6443763 24.5537991, 46.6444834 24.5538866, 46.6447763 24.5541218)"
نجم الدين الأيوبي,secondary,"LINESTRING (46.5066695 24.5613123, 46.505454 24.5637743, 46.5026448 24.5691322)"
Al Iqlas Road,secondary,"LINESTRING (46.52239 24.5757275, 46.5218493 24.5757727, 46.5197816 24.5759306, 46.5194863 24.5759532, 46.5186031 24.5760245, 46.5181383 24.576062, 46.5168022 24.5761699, 46.5155115 24.5762741)"
Al Iqlas Road,secondary,"LINESTRING (46.555923 24.5731686, 46.555761 24.5731809, 46.5552105 24.5731848, 46.5545608 24.5731894, 46.5539492 24.5732425, 46.5527651 24.5733379, 46.5515939 24.5734301, 46.550244 24.5735456, 46.549133 24.5736223, 46.5479367 24.5737171, 46.5466624 24.5738033, 46.5461291 24.5739017)"
AL Iqlas Road,residential,"LINESTRING (46.5300203 24.5748296, 46.5308545 24.574765, 46.5339372 24.5745264, 46.5357302 24.5743896, 46.5358617 24.5743226)"
Bilal Bin Rabah,secondary,"LINESTRING (46.5231649 24.581681, 46.5232848 24.5817963, 46.5233492 24.5818244, 46.5233914 24.5818347, 46.5234981 24.5818428, 46.5237315 24.5818352, 46.5250267 24.581717, 46.5261756 24.5816272, 46.5272731 24.5815414, 46.5286635 24.5814327, 46.5297968 24.5813442, 46.530915 24.5812567, 46.5322912 24.5811492, 46.5338515 24.5810272, 46.5343645 24.5809871, 46.5344317 24.5810182, 46.5344907 24.5810515, 46.5344947 24.58107, 46.5344622 24.5811014, 46.5344237 24.5811197)"
Bilal Bin Rabah,secondary,"LINESTRING (46.5348942 24.5810834, 46.5346684 24.5811008, 46.5344237 24.5811197, 46.5328322 24.5812426, 46.5314677 24.5813479, 46.5299385 24.5814659, 46.5285049 24.5815766, 46.5272752 24.5816715, 46.5262127 24.5817535, 46.5251256 24.5818374, 46.5237757 24.5819938, 46.5234847 24.582033, 46.5234478 24.58205, 46.5233907 24.582083, 46.523315 24.5821335, 46.5232714 24.5821781, 46.5232172 24.5822569)"
بلال بن رباح,secondary,"LINESTRING (46.5353057 24.5809136, 46.5355546 24.5808941, 46.53575 24.5808788, 46.5373481 24.5807539, 46.5398291 24.58056, 46.5409663 24.5804711, 46.5423397 24.5803638, 46.5434317 24.5802784, 46.5446258 24.5801851, 46.5459046 24.5800851, 46.5465094 24.5800378, 46.5466766 24.5800248, 46.5472406 24.5799807, 46.5485145 24.5798812, 46.5507717 24.5797047, 46.5521425 24.5795976, 46.5557972 24.5793119, 46.5563278 24.5792704, 46.5564884 24.5792579, 46.557634 24.5791684, 46.558719 24.5790836, 46.5598919 24.5789919, 46.5620164 24.5788258, 46.5644317 24.578637, 46.5655697 24.5785481, 46.5661653 24.5785015, 46.5671956 24.578421, 46.569617 24.5782317, 46.5707305 24.5781447, 46.5712795 24.5781018, 46.5724316 24.5780117, 46.5748706 24.5778211, 46.576047 24.577735, 46.5762695 24.5777021, 46.5774371 24.5776205, 46.5785347 24.5775266, 46.5788597 24.5775093, 46.5799379 24.5774288, 46.5801559 24.5774125, 46.5805372 24.5774073, 46.5806661 24.5774055, 46.5809886 24.5774011, 46.5812148 24.5774086, 46.5818465 24.5774296, 46.5827043 24.5774979, 46.5833212 24.5775893, 46.5834618 24.5776311, 46.5835309 24.5776516, 46.583986 24.5777476, 46.5843136 24.5778168, 46.5852841 24.5780787, 46.5854908 24.5781454, 46.5862937 24.5784047, 46.5866606 24.5785668, 46.5869529 24.5786959, 46.5877402 24.5790597, 46.588715 24.5795708, 46.5888424 24.5796505, 46.5896044 24.5801273, 46.5898806 24.5802963, 46.5901041 24.5804331, 46.5921129 24.5816625, 46.5927347 24.5820431, 46.5933644 24.5824285, 46.5935417 24.582537, 46.5937422 24.5826598, 46.5939967 24.5828155, 46.5940761 24.5828641, 46.5945985 24.5831838, 46.5946452 24.5832124, 46.5958787 24.5839673, 46.5975758 24.585006, 46.5977257 24.5850977, 46.5978163 24.5851532, 46.5981763 24.5853735)"
الأمير عبدالرحمن بن سعود بن عبدالعزيز,secondary,"LINESTRING (46.5551315 24.5664711, 46.5551274 24.5663351, 46.555122 24.5662899, 46.5549504 24.5644743, 46.5548819 24.563738, 46.554759 24.5622426, 46.5546672 24.5611272, 46.5546048 24.5603676, 46.5545908 24.5602317, 46.554519 24.5595321, 46.5543791 24.5581686, 46.5542106 24.5565265, 46.5541486 24.5558604, 46.5540323 24.5545725, 46.5540298 24.5545445, 46.5540001 24.5542154, 46.5539686 24.5538666, 46.5539619 24.5537129, 46.5539353 24.5534509, 46.5538989 24.5530931, 46.5538039 24.5521581, 46.5537772 24.5518997, 46.5537584 24.5516686, 46.5537342 24.551409, 46.5537041 24.5510851, 46.5534638 24.5485035, 46.5534487 24.5483421)"
الأمير عبدالرحمن بن سعود بن عبدالعزيز,secondary,"LINESTRING (46.5536166 24.5483289, 46.5536316 24.5484906, 46.5537693 24.549973, 46.5538377 24.5507103, 46.5538708 24.551067, 46.5539467 24.5518839, 46.5539709 24.5521443, 46.5540624 24.5530765, 46.5540972 24.5534315, 46.5541229 24.5536934, 46.5541323 24.5538678, 46.5541627 24.5541964, 46.5541938 24.5545328, 46.5542058 24.5546619, 46.5543417 24.5560684, 46.5544884 24.5576575, 46.5545581 24.5583955, 46.5547309 24.5602274, 46.5547449 24.5603548, 46.5549357 24.5624531, 46.5549983 24.5631415, 46.5552415 24.5658151, 46.5552802 24.5662716, 46.5552896 24.5663192, 46.5553286 24.5664578)"
دالج,residential,"LINESTRING (46.5774063 24.5766284, 46.5772337 24.5748691)"
خلائل,residential,"LINESTRING (46.5779184 24.5765836, 46.5778803 24.5760876, 46.5777779 24.5748262)"
صبيخة,residential,"LINESTRING (46.5804035 24.5758618, 46.5791953 24.5759562, 46.5778803 24.5760876)"
ديم,residential,"LINESTRING (46.5768833 24.5771538, 46.5768401 24.5766779, 46.5766913 24.5749118, 46.5766472 24.574389, 46.5766067 24.573908)"
المريد,residential,"LINESTRING (46.5760168 24.5772003, 46.5753601 24.5772477, 46.5748199 24.5772904, 46.5742687 24.577336, 46.5724143 24.5774807, 46.5712357 24.5775739)"
طيبة,residential,"LINESTRING (46.5766472 24.574389, 46.5776519 24.5743059, 46.5779577 24.5742806, 46.5787326 24.5742165, 46.5790756 24.5741881, 46.5802503 24.5740909)"
شلال,residential,"LINESTRING (46.5761432 24.5749463, 46.5766913 24.5749118, 46.5772337 24.5748691, 46.5777779 24.5748262, 46.5780052 24.5748083, 46.5791109 24.5747213, 46.5802968 24.5746279)"
جبة,residential,"LINESTRING (46.5762259 24.5772049, 46.5768833 24.5771538, 46.57738 24.5771096, 46.578092 24.5770463, 46.5784937 24.5770106, 46.5787657 24.5769864, 46.5798917 24.5768863)"
سويقة,residential,"LINESTRING (46.5804468 24.5763622, 46.5798639 24.5764133, 46.5792323 24.5764714, 46.5787442 24.5765113, 46.5780686 24.5765704, 46.5779184 24.5765836, 46.5774063 24.5766284, 46.5768401 24.5766779)"
وقادة,residential,"LINESTRING (46.5786562 24.5988203, 46.5791866 24.5980723)"
أم ريم,residential,"LINESTRING (46.5780673 24.5968273, 46.578593 24.5971442, 46.5790427 24.5974225, 46.5796148 24.5977765, 46.5800003 24.598015, 46.5806756 24.5984329, 46.5811008 24.5986857)"
بئر المدقة,residential,"LINESTRING (46.5796812 24.596523, 46.5792139 24.5962466, 46.5787119 24.5959497)"
أم القضاة,residential,"LINESTRING (46.5803659 24.5988276, 46.5799011 24.5985299, 46.5793264 24.5981619, 46.5791866 24.5980723, 46.5787723 24.5978069)"
الزبداني,residential,"LINESTRING (46.5782075 24.5985382, 46.5787723 24.5978069, 46.5790427 24.5974225, 46.5793655 24.5969623)"
ينبع,tertiary,"LINESTRING (46.5859708 24.6041987, 46.5854196 24.6038677, 46.5850292 24.6036269, 46.5848587 24.6035217, 46.5837795 24.6028561, 46.5822652 24.601922, 46.5820559 24.6017929, 46.5802666 24.6006892, 46.5794778 24.6002026, 46.5793344 24.6001141, 46.578416 24.5995476, 46.5773245 24.5988743, 46.5772986 24.5988583, 46.576801 24.5985514)"
المقدادية,residential,"LINESTRING (46.5774318 24.5987331, 46.5777889 24.5982751, 46.5779913 24.5979905, 46.578593 24.5971442)"
علي بن عبيد,residential,"LINESTRING (46.580749 24.600136, 46.5802724 24.5998363, 46.579805 24.5995424, 46.5793642 24.5992635, 46.5787944 24.5989029, 46.5786562 24.5988203, 46.5782075 24.5985382, 46.5777889 24.5982751)"
ابن السائب المخزومي,residential,"LINESTRING (46.5784051 24.5963675, 46.5793655 24.5969623, 46.5798267 24.5972478, 46.5800143 24.597364, 46.5803729 24.5975861, 46.5809894 24.5979679, 46.5814239 24.598237, 46.5818828 24.5985212, 46.5819339 24.598551, 46.5830167 24.5991839)"
جار الله بن فهد,residential,"LINESTRING (46.5785977 24.5838845, 46.5785427 24.5831657, 46.5784263 24.5816424, 46.5784154 24.5815182, 46.5783579 24.5808629, 46.5783057 24.5802692, 46.5782517 24.5796534, 46.5781968 24.5790284, 46.5781718 24.5787436, 46.578134 24.5783794, 46.5780688 24.5777507)"
الفرش,residential,"LINESTRING (46.5771861 24.5865983, 46.5777472 24.5865557, 46.5782138 24.5865202, 46.5790663 24.5864555, 46.5792902 24.5864385, 46.5798631 24.5864037, 46.5802105 24.5863825, 46.5813156 24.5863153, 46.5815523 24.5863009, 46.5817814 24.5863418, 46.5820374 24.5864864)"
ثنيات,residential,"LINESTRING (46.578134 24.5783794, 46.577171 24.5784596, 46.5764325 24.5785323)"
الميز,residential,"LINESTRING (46.5789012 24.5879845, 46.5779004 24.5880673)"
تمير,residential,"LINESTRING (46.580043 24.5788795, 46.5792235 24.5789385, 46.5789 24.578954)"
الميمنة,residential,"LINESTRING (46.5789575 24.5886918, 46.5779644 24.5887692)"
النفيس,residential,"LINESTRING (46.5782343 24.5860192, 46.578226 24.5855253, 46.5781297 24.5846151)"
النماص,residential,"LINESTRING (46.5777472 24.5865557, 46.5777111 24.5860619, 46.5776873 24.5856998, 46.5776186 24.5846573)"
